10087515,,wf7npauhg3,1579340098
10095740,pay,cr5766qp9p,1579332801
10035763,,apfsprk6se,1579336968
10045218,create,l3t9uivizt,1579333058
10053545,create,wf3slz619w,1579334945
10104576,pay,vklfriy0bt,1579339544
10025852,pay,pjnka1qbr2,1579334784
10097518,pay,0rtl5yw1m5,1579336557
10101736,create,fls79lid72,1579339331
10081169,,zuem50e65u,1579335795
10063291,pay,315neeu55t,1579334274
10028634,pay,kkyqbtk2d2,1579335760
10104764,pay,sedqpgr48p,1579336604
10044564,,glswmk4eiz,1579335741
10014431,pay,5ec0natvwi,1579333202
10044309,pay,ny2oibb7k0,1579337633
10022325,,wxqzixfucb,1579336264
10099232,create,9tv319i226,1579339582
10075402,,4i0i22fpth,1579331875
10100855,,6da63ktg47,1579336447
10028407,,ixdx6bryzz,1579333011
10024707,pay,ugupbo3rvm,1579333444
10093488,,eg710s8v3j,1579338461
10081127,create,nk1zyi4m6l,1579330939
10074513,,xpsnmqhy8r,1579334743
10024713,,dv2m9g6m6w,1579330374
10023072,,q026dbccdh,1579338921
10056733,create,a391fp74yh,1579333531
10092335,pay,w8h7ckfdrp,1579336461
10095525,pay,561sldheaf,1579339974
10032174,create,j901lzqydp,1579339716
10108747,create,dx2g77ydic,1579330380
10064415,create,77t7fyu1u0,1579339454
10098350,create,2pcm619jug,1579336693
10100599,pay,0dy6vh6tnt,1579333964
10104190,,pp4ppyvrz9,1579333558
10016281,create,0k42wk1sgk,1579337705
10045477,create,dqtyt7mldu,1579339334
10075708,,h58wif1z4x,1579334197
10050546,pay,e66oscecs6,1579339136
10108602,,wblbvwuji4,1579335925
10034970,pay,jzzbf7v2nm,1579336801
10076825,create,63p1n1drfm,1579337392
10014431,pay,5ec0natvwi,1579333202
10032859,,ayxi3v0e9r,1579336122
10093671,pay,5tm2h78eqj,1579337629
10064305,,g92bis7x3z,1579330439
10104684,,f029koh8h6,1579334540
10039054,pay,k1djed1wgd,1579332128
10013265,pay,t89bmd5la5,1579333350
10014431,pay,5ec0natvwi,1579333202
10033151,create,1zzry9i67x,1579335399
10048973,,8twlotk4kw,1579333996
10089202,pay,fre4trni1y,1579338203
10064992,pay,cdsxf3bqrv,1579336870
10015417,,z4nvvtur5p,1579333930
10033516,create,3mr3cmn0vq,1579336679
10097201,pay,8izjfr27gx,1579330265
10026094,pay,ezl4sfsxxw,1579339667
10018752,,z8u4nh8ogo,1579334773
10057612,,kl62oorawa,1579339902
10067142,create,bgyany3dj9,1579331509
10066309,create,9hwm4qa4ra,1579330744
10013556,create,p9hm6m03qb,1579336486
10021235,pay,bkoz7i5icj,1579338650
10039078,pay,mkcwd586hn,1579336850
10021087,pay,igq3em1kfi,1579330266
10097538,,5zfn4cnjz3,1579337121
10050033,pay,ca3eegfliq,1579336179
10011159,pay,quf3psz7qn,1579334706
10085910,create,hcn41s8cj9,1579332430
10076066,,ujr7xyrlsc,1579336032
10014091,,s614oowflm,1579333968
10014220,,2xoppruz07,1579334120
10086371,,3iqeyo2ync,1579332579
10045928,,6intcfoprz,1579338192
10078339,pay,8xz17fc37a,1579335518
10072790,pay,16t8nuwgrq,1579335979
10041042,pay,yikv9dyaov,1579340049
10054801,,nhy6zai71t,1579339824
10013120,create,1cxhqpp1q9,1579333427
10037316,create,9oc2wvhgl6,1579338365
10058128,create,fm8tb3ythb,1579337444
10033653,create,yrdbvo4u7f,1579336613
10018444,pay,5au1a7gqdl,1579331640
10097339,pay,na8pa8lrh4,1579338588
10031932,,pb5jc4i33u,1579339467
10024386,,y5u28it226,1579338311
10040425,pay,tn5tnb2xdg,1579337298
10010397,,44t70tbvr1,1579336930
10030160,pay,4kbz03eled,1579337011
10049954,pay,hal3diu85n,1579336010
10083435,pay,n033smn2x4,1579339090
10106431,,kyf2by7dlc,1579339641
10088046,pay,9suprptn81,1579334636
10099236,,uk7e6xhf2p,1579330871
10046479,create,b9cv3m3jh8,1579331538
10052447,pay,i7kxy2qhl9,1579331232
10050356,pay,btgjwdpn6p,1579332129
10023927,,320zx8lw4z,1579335612
10037314,,giix9e57le,1579337114
10087198,,cd2ojn942c,1579338596
10027251,create,ianforlnza,1579333286
10069715,create,r3wa9pej56,1579332526
10042819,pay,xhd4ekl744,1579330606
10060667,,dzc8mge21c,1579332001
10055045,,pbyodkdky2,1579337594
10089000,create,z8r9whei3y,1579334329
10059142,pay,q3750l7dfw,1579332656
10038103,create,4jf69dkouv,1579330492
10077865,pay,66eqq7setb,1579332973
10107438,pay,uzvim2vlwo,1579336632
10010131,create,fzd1t0o3z4,1579331873
10053373,,kr8tiha2go,1579331743
10091235,,i1kn56exb0,1579330242
10041555,create,2s40x7qatx,1579333304
10107567,,dbpw46hq60,1579337443
10021414,pay,zjrhbd9f28,1579338898
10013592,create,3sy3tbr5fy,1579332475
10089713,pay,t54t31ljdj,1579338547
10031722,create,z4zz2d3xff,1579336643
10044530,pay,4a1c9z6gfr,1579339433
10076756,,j1u6egr9zj,1579334902
10043688,create,mes2h34h2b,1579331943
10035742,pay,e4q4thjpb8,1579334181
10072312,create,j4rrdcuv90,1579333596
10051361,,h4enszthmr,1579333539
10093121,create,hcykl11n3z,1579335277
10102387,pay,8brvjcme54,1579332767
10099940,create,rigby4zl0p,1579332437
10048279,create,yc05lps1p0,1579333187
10020115,create,2jift0hy1e,1579332426
10106636,create,nzvrkjb9ty,1579336841
10014641,pay,xa8egsggdo,1579337993
10062035,,d7dqj66thq,1579337983
10106241,,fnjp2yephf,1579336093
10062667,,hrr81cgyz5,1579333861
10025056,pay,8f6w9sn9hw,1579330653
10047236,,40y0oae5s0,1579340152
10099214,create,auuojklu5w,1579337686
10058740,create,3ms26vlbtr,1579340064
10033296,pay,ziuuibk52z,1579331247
10044033,create,x4za2s8gk1,1579335144
10011514,create,uug12e6oed,1579339127
10108492,pay,huxrsba51d,1579340131
10034443,pay,w4oi0t6n8a,1579337889
10093626,pay,rys4c2kehq,1579333793
10048207,pay,fhv81cpydl,1579337873
10072153,pay,dejkq4fxil,1579332648
10053260,,p95hcnnowq,1579340134
10109827,,pw05z5thlo,1579334688
10086244,pay,n3245a9cie,1579338951
10026219,,jbr0lj45u2,1579335793
10052886,create,8qrslu0jg1,1579335459
10097708,create,1jvprrrfa4,1579332401
10052486,,61lekuvkpf,1579330287
10085067,create,076ty3y6uo,1579340152
10075271,create,898hntixth,1579335634
10035333,pay,g31oabcxy5,1579339754
10072744,create,ksxu8jz5vv,1579340122
10103062,,c6dr3mrpyw,1579338094
10098125,pay,o1c0zwd01m,1579333006
10059598,create,h5ohmrl8g3,1579334767
10089076,create,5umkuht93q,1579337798
10010641,pay,cw19kllqtd,1579331593
10018137,,4bxwf5ht02,1579339242
10022200,create,8u9d29psjt,1579335471
10067623,create,n28ysffduy,1579331712
10062910,,73ut5mlycy,1579332942
10095242,pay,mjwt5gguhj,1579331560
10106739,pay,hkp7bh7sdd,1579338240
10044244,create,8p78g8agg7,1579330726
10104262,,ry76lni1v6,1579335247
10017688,create,p37e38y06i,1579334010
10022978,,umuqdxz96y,1579337808
10080211,pay,19d48mcxcc,1579337809
10077532,,xhior9e08l,1579332130
10072683,,dvdiw1qc1b,1579333812
10019274,,rfayfnf3lh,1579339635
10025241,,r573lc7ojb,1579337218
10031204,pay,berre7h52f,1579338552
10032373,create,0c7djupg51,1579335318
10079188,,gpfef9thrw,1579337788
10010122,,jvw3890y2d,1579338997
10103184,pay,7ynfmtg5wm,1579337165
10089925,,yhdnq72b0f,1579336621
10093306,create,8ktr1i6kw5,1579333994
10016194,pay,elzvqt6ihe,1579337083
10084668,pay,r1erx6meyt,1579337114
10105488,create,x03bmhh3sk,1579336358
10022272,,07pk4i1gyq,1579336046
10093967,,46g4nw5pfz,1579339813
10092593,,ccrposqsyq,1579334699
10046776,,em78teu6t1,1579330743
10092050,create,9j00tap42o,1579336197
10028127,create,0nffiiz7cw,1579334117
10104220,create,vvosk22t6p,1579337810
10034060,pay,hid547r4d3,1579333364
10087442,pay,4yyufzspfv,1579332742
10071199,create,kdbv4snmgf,1579337182
10032340,pay,yfx0jrjq0j,1579338557
10024324,pay,4jz9eywmw5,1579332796
10034868,pay,4j345b7a8w,1579330422
10093136,create,hsff76seow,1579331895
10044621,,ofmnnnj118,1579330996
10094353,,etqtx7i19b,1579335553
10090418,,5b3cjeg5fm,1579337827
10019099,,7rywvvwqyb,1579334822
10055632,create,c9ar68arlx,1579333377
10107521,pay,99bnse8xnq,1579334436
10074210,pay,4g2b4o6hy4,1579332466
10052691,pay,gvotshr7jq,1579338048
10045034,pay,javp8pex3j,1579336818
10074034,,sfsovu2wgk,1579334798
10017050,pay,aqkfh95t8s,1579336656
10106910,create,rj955dxzap,1579338634
10080467,pay,wvqx0amlkq,1579334836
10039413,create,jbdhe6qpy8,1579333777
10010426,,rtr3ja3peu,1579339907
10090091,pay,dff2idd0c6,1579332009
10048644,,qvm9odi6k9,1579330620
10060963,pay,44qp67zmaz,1579340031
10075839,pay,7cpghrcxuq,1579335956
10019102,create,1s5vxubq00,1579338061
10023179,create,3e916xy2bg,1579331494
10057004,pay,kao3ejd5kh,1579334022
10094490,,cqgla1zcrg,1579335122
10057052,pay,5f5re4nleh,1579331239
10022645,pay,2o63fvux0v,1579332457
10038632,,tltot168ou,1579331368
10063346,,4gh7l4ez8b,1579335144
10097787,create,lm9d5t4l1j,1579338432
10037392,create,6qutueoz5m,1579333227
10058764,,c78usricai,1579334331
10068593,create,qo274jhj4r,1579336159
10044435,create,4726n8y7n8,1579330933
10028637,pay,6r29mdxeib,1579335707
10038247,pay,2138ekgeax,1579338957
10092490,create,sjvw8jzmdd,1579338000
10054264,create,sljl126o2j,1579339271
10028344,,9oh4gf62kq,1579331269
10053780,pay,8bge64m7xw,1579337913
10094646,pay,1hc9lppvex,1579330456
10047120,,uqzaeg4w7n,1579332194
10093401,pay,j95ewkrhpv,1579339791
10097440,create,jueblrrs84,1579331567
10033736,,snx7ahgqen,1579339684
10099715,,rxshyf727t,1579333599
10092619,pay,qtje9f6fs9,1579334849
10042543,pay,zuzmdt76kh,1579332342
10020659,pay,tiuhh4eoxx,1579336413
10073020,,2wmnow65k7,1579333694
10030069,pay,bd5rko6rdt,1579331982
10075638,pay,6zgw94z1xw,1579339886
10019176,create,8lrsqkjjgq,1579334115
10045038,,9fj50fnjuk,1579333191
10033259,pay,3ezi97ornv,1579339440
10079379,,w7catpjufa,1579337100
10035019,create,f7zscq2kba,1579337817
10046226,,zafl2ljdog,1579331800
10059687,pay,z3pwp64tq3,1579333333
10076053,pay,ltl0xl2wug,1579339556
10059504,create,rebj8b2wyk,1579336691
10019815,,azxsetrxek,1579334831
10100270,,tcve99y2qc,1579331597
10066518,create,lao4dxqvjq,1579333352
10058658,pay,m7oazntkbf,1579336119
10054309,,3crnu2mkeb,1579334187
10083167,create,kjeqomazue,1579333686
10024329,create,e349kfpssq,1579338933
10023871,pay,b4ytzgk1z1,1579337369
10060428,pay,gaa9or5gkn,1579332530
10106520,pay,vw0a9g1uam,1579335406
10029807,,78w5cfk992,1579330937
10025103,pay,al2oewr3rk,1579335561
10089748,create,8pxe01tjvy,1579331924
10053623,create,k79g7w13h1,1579330803
10053823,pay,t50ywy995d,1579336572
10032640,pay,o1yab9vgjt,1579339088
10017316,,xxgkofdx5d,1579330726
10069026,create,ezrqt30rjf,1579335529
10026061,create,tgej2msp9y,1579337600
10098433,create,8vn1ib9i67,1579336150
10035505,pay,9l28cgzzar,1579335032
10099111,create,eryggclp11,1579338583
10047525,pay,55syehhjx6,1579333438
10013029,create,gsjv4jd9vi,1579336558
10031364,pay,986b9qfttv,1579333454
10025630,pay,v8120rylsi,1579331855
10032054,pay,5wxoxcedlb,1579335435
10079108,pay,vcj2sh3vfe,1579339496
10044742,,qeoqw31pz6,1579336525
10045746,,eqrlsisbfb,1579339387
10086620,,rcko2esrj4,1579334847
10067645,pay,gd73gkqmn1,1579330379
10029443,create,2w6qzsdtbm,1579334508
10077070,,cyaodiuwng,1579330749
10065154,,7c0qh7pryp,1579339567
10047705,,a7b3sbhl2i,1579332488
10064676,create,jqnaqfp8oq,1579339924
10091222,create,cvbp8oyzsm,1579335468
10055694,create,l62xgk13md,1579337131
10105905,,djm4mx7g1r,1579331535
10089081,pay,d58dyvb0wf,1579333558
10104437,pay,psdyq8w8ol,1579337904
10085594,create,fpttq4ippf,1579334053
10096531,,7aqbgq71o9,1579333832
10054572,create,jxuii1dt93,1579335250
10078711,pay,82eu6pc0v4,1579334496
10054578,pay,su3w7tpkst,1579334026
10088355,create,umzw84vhen,1579331221
10022286,create,i6f52latcy,1579333262
10012027,pay,hqxx2j93qg,1579337794
10030390,,5c72o3ptti,1579340014
10099138,pay,9mbo0oic5k,1579338432
10047886,pay,v8knuvda39,1579338491
10021159,create,xvq96yuveq,1579334185
10066828,create,jvbf2iau6o,1579337798
10033870,pay,xgpg13ya5j,1579331031
10028498,create,rphk54ztvo,1579332345
10045578,pay,gnerj0dhnh,1579334730
10028892,,8sywftoqiu,1579330990
10067720,create,2uv5hmg75x,1579334627
10108536,pay,cq1mwp76e6,1579339544
10025974,,6mkuwoli04,1579331027
10034855,create,94xz4i0zq0,1579340080
10039755,pay,ykvubv6nrg,1579338496
10066688,create,rys4g47z0k,1579339657
10035905,create,7f33nva0z8,1579330515
10049981,pay,ff5qgc4iiq,1579330525
10048406,,47sa4cj8mt,1579339284
10031325,,i0qnraswci,1579333643
10070101,,juzfsqlsdh,1579338125
10091689,,7vfn2slpkb,1579337449
10064727,pay,xw1bngfhws,1579332972
10096598,create,ia34gkcp0n,1579334208
10017920,pay,insim89qiw,1579333706
10030906,,tfii4gejfp,1579336974
10104440,pay,nz532y79rp,1579335733
10036496,pay,1mvm2a5dfp,1579331248
10075489,pay,soeopn4miy,1579337124
10099386,create,6f5s59y8ya,1579336723
10024795,pay,ujt7qz90ws,1579336883
10039118,,hnja946c3k,1579336178
10075040,pay,wkr1lrfzw0,1579335467
10037758,pay,ls7i4j4bzg,1579330544
10037256,,lesj9iqv92,1579339559
10108435,,ah86oxrm9j,1579331428
10034948,,b36cng70ea,1579339248
10044071,,iwx9aavpmc,1579334983
10052027,,8psez8jz5b,1579337309
10105806,pay,sozi51q79j,1579333906
10058999,pay,cz8ckfarj3,1579337038
10107591,pay,1t2wstpntj,1579337553
10095439,,6q1s7sz7ft,1579337245
10028508,pay,7ri3890ouw,1579333705
10038398,create,jdnmhpoyly,1579330436
10037632,,chaxhlnz1e,1579339329
10066208,create,xf6ydn9gto,1579332933
10047551,pay,y6k4ipfcxd,1579331853
10035033,pay,8j1mk3vkjb,1579333789
10022176,create,v1314kjvno,1579336922
10021580,pay,85xxmnomfm,1579332670
10052043,pay,k3joak54us,1579333386
10049508,create,sx0j5qjcyl,1579335582
10076045,pay,fmc8ubp52t,1579331354
10109388,create,0j8zg17xia,1579331334
10072369,pay,a1f09rh0br,1579334543
10102467,,5j36bkz36x,1579330895
10063403,pay,3grm963lvs,1579333889
10087018,pay,sa8a7ziwu5,1579336448
10079451,create,q7g28eglkv,1579335364
10082722,create,89zrivnqu8,1579336874
10104342,pay,4qxef6n7pv,1579331348
10093323,create,0jd7n5hx53,1579331637
10082350,create,pqsuhyrvy1,1579331482
10040692,pay,m9gwfpns58,1579335592
10100319,create,ok75x5j6t1,1579335953
10064478,,7e00ye5say,1579333133
10071487,create,awovcp7vdz,1579331401
10030686,pay,e305l5d3o3,1579331239
10038221,pay,k8n358ke5t,1579337234
10109807,pay,edfznngi32,1579337506
10079734,create,gv5pwsgfze,1579338048
10030527,pay,ydrjxxrqfe,1579331050
10057806,pay,h8uqu7894i,1579336045
10088593,,qcwid8y0cr,1579331263
10058653,pay,q28shqqr5o,1579335883
10092051,pay,s1odnpi1ra,1579331879
10092298,create,cgrjblolee,1579333220
10053887,pay,mvu3pa9053,1579335501
10092140,create,egm078zwgz,1579337365
10100977,pay,ci76frz449,1579336840
10016903,create,iiq05sfq8b,1579337919
10054324,create,1rf8wi7xwe,1579331263
10094743,,vyloh9lkob,1579335055
10049681,create,dk3hrgdrv0,1579338924
10064997,pay,w38blfx15s,1579333186
10109980,pay,1o15tb28s1,1579333772
10066925,,zfv7434du5,1579338149
10051379,create,z7aowdswcc,1579331008
10096769,pay,dmu17btqpr,1579338779
10103264,create,1m98eyxs3f,1579336196
10104524,,37ut4b1euu,1579334731
10049239,pay,33o3y1s24i,1579334173
10030078,create,bcau66q3nv,1579333793
10050874,create,g596h6v11e,1579336118
10084691,create,xdkzmt11pv,1579333531
10098938,create,nk10gyhy71,1579338741
10068281,,jcs6b9zg6m,1579334126
10047835,pay,0yw9y64fyp,1579330369
10075561,pay,8rb5c7p8df,1579331482
10028173,,3jv9mqshh3,1579334944
10084814,create,woo4v0veop,1579332322
10099619,create,foyy5pco1u,1579336389
10041927,pay,m4fvpncser,1579335858
10101657,pay,j0rwdaoddt,1579332646
10049278,,su3vnfmtl5,1579339834
10083379,create,o2nogzvkxc,1579330785
10044182,,i030ea1wqm,1579332295
10045091,,qrz8r288wt,1579332023
10104801,,uz4tadkryt,1579334237
10104310,pay,6ghfz3wp0e,1579338241
10052795,create,xz96zmgynq,1579332467
10106655,create,w7ds6dmw84,1579339624
10031444,create,5joxl3os5n,1579336450
10038135,create,del404cheo,1579336453
10025585,create,fw3ylgivrm,1579337719
10059518,create,g49kl3zdgt,1579336717
10055412,,ry8uw0lgv7,1579335476
10075763,,heitv5coul,1579335246
10020059,pay,y0ctp3iawb,1579337443
10073876,pay,riucvjivtw,1579339345
10088833,,9ugzqy2u2b,1579330728
10011106,,br3u145lh5,1579330545
10038082,,vudinmbnuv,1579333479
10012058,pay,8k84q2neb4,1579332002
10109888,pay,bp00c9uuxq,1579334464
10038080,,nkd9bd5s29,1579336351
10025145,,zth0z1ix4d,1579334344
10025187,,621yxojcxu,1579339330
10018030,,b87hh6anjz,1579339376
10047822,,shfrei1v9l,1579330406
10071489,pay,c3npzjmgpp,1579335566
10054934,pay,9645g025j2,1579332782
10024079,,om9cr9hyw8,1579338864
10042102,,xi0osgflpr,1579331688
10087357,pay,1f5jgz84na,1579334912
10068870,pay,j0ygidtubw,1579331627
10059957,create,ldv5a8aipo,1579340047
10103990,create,duzg5phwkc,1579330418
10049648,,sby8wl5kxn,1579333811
10082927,pay,wwwvdz01sf,1579330244
10017813,create,k0323q27if,1579332040
10091755,,o3rieh65h9,1579333735
10042215,pay,0yidz22ljf,1579338750
10049503,create,bs59k4xkfs,1579336095
10053321,pay,5fawfqubrp,1579334539
10047035,create,b3u17e0946,1579332708
10037101,,dor0ctnpns,1579338931
10014699,create,m8ptmys9xy,1579335312
10012913,create,5p3mkbaua0,1579334255
10033287,,81fnqoqctd,1579338835
10088952,create,morugphrcs,1579338988
10073231,,b5vj3pojmb,1579335287
10069697,pay,pnhex6izoz,1579339235
10045529,pay,634nonlqms,1579330719
10039896,,iehhcp9ktt,1579338047
10074513,create,s4gky92dqf,1579336209
10077855,,9p1kl09st1,1579333600
10057397,pay,m1xr5wlppt,1579334056
10057137,,ykrk22cgcc,1579338914
10058431,create,jfpuyujlty,1579335933
10080254,create,bjynv6hxe2,1579337763
10096520,pay,5gmegkshkv,1579330622
10050536,,03tiztxb09,1579333690
10024337,create,ccrl00lis0,1579335118
10029065,,4g01o13j6r,1579331635
10064249,create,2l52zwbiyn,1579334410
10042448,create,ln0x6103ie,1579334590
10061758,create,zz7j89ifkm,1579332029
10104128,create,etqu0fpkcq,1579330884
10040736,pay,cqt21rz8sh,1579335585
10087070,pay,zrjjlv2l21,1579331270
10096348,create,xu5uwtuzr2,1579338940
10038855,pay,cibtr94nlw,1579338771
10041384,create,m0qgkfqype,1579335423
10061581,,t7z861seqf,1579338437
10029597,,ktawszbsw3,1579334523
10088421,pay,8q5jhuf9zf,1579338607
10015696,,mrq08mpvk4,1579337893
10076322,create,fz2nr13y7f,1579340036
10075813,,uu12pt4ncy,1579339163
10100004,create,rhyo6ul3bl,1579334371
10104517,pay,i24vkhnxy9,1579336054
10076301,create,tg1ag1yrsx,1579338808
10024890,create,e0p3rqb0ef,1579332602
10069858,create,cnek95ndat,1579339528
10096703,,1l6nsydcrc,1579333919
10031265,pay,g6msrov7zm,1579332499
10084376,,rjqb3hkqj5,1579335823
10096971,pay,bqe52fnnv8,1579336580
10051225,,wtup0h77w3,1579336966
10036634,create,16ei243s8e,1579330521
10079366,,uo75o99sgo,1579331590
10068071,,wjdkcqd5db,1579332401
10075724,,x637gq9z9h,1579336945
10072531,create,59am3zbn1k,1579337338
10013723,,yfn9mni7of,1579330572
10033762,,919f2phtjh,1579336880
10077531,create,laiub19llf,1579339153
10093199,pay,pe08an6y25,1579331385
10021152,pay,2jy5kydwve,1579332433
10060532,create,rswj9hduoo,1579334929
10028172,create,a3aof5sfiy,1579332839
10044061,,sfsyqfn1x0,1579330787
10059643,pay,zo5u6oefjk,1579333846
10068426,pay,o7ua97wucq,1579334375
10107372,create,enig3lv716,1579337909
10028680,pay,ag14bew2ou,1579339694
10027784,pay,inexa5pnwh,1579337798
10089121,create,a4mleksbrn,1579334789
10017568,pay,phhm5uqfsl,1579333578
10072904,create,pxi1glclau,1579331489
10106483,,ce2xab4aku,1579331137
10104195,,i5n2bfqjga,1579334795
10084961,create,vocct3dqiv,1579337160
10058441,,jauyoafhfz,1579337695
10054597,create,8tcjsrleg3,1579339763
10048336,,a7ui1iy63k,1579337875
10088100,,r1jm0uzne7,1579333627
10023146,,x2mbha0gi2,1579333832
10011986,,c77sexadcd,1579333362
10087268,create,mqc17wgofz,1579339238
10080040,create,es2amomhsp,1579339138
10050277,create,jxjfnx5hsl,1579336043
10088518,create,oug1wg02az,1579334123
10105151,,ufex5jsg5x,1579338773
10095068,pay,upww7g8h0m,1579334166
10093986,pay,jdb5m9ghqg,1579334762
10042526,,ojukkzm74n,1579336335
10061231,,vyzmb53dq9,1579337628
10056023,create,t68mak93ws,1579334415
10013313,create,3ul0vugs2t,1579334219
10077243,pay,28wpxxzazt,1579336281
10100499,pay,6xkz84kiws,1579338463
10023224,,kw3pdu1kku,1579340173
10011950,pay,s0qeqanu7e,1579339071
10108729,create,seonxyyfe0,1579334345
10028121,pay,0uimdqqu6m,1579331904
10051025,,latr93c7g9,1579337279
10106035,pay,pe2jt7fa6d,1579331940
10083802,pay,aj5ox0ehvg,1579333750
10082414,,r9pyq3efg9,1579334246
10043001,create,s3v2l9hpto,1579335353
10067249,create,ugsxo49mex,1579338163
10051489,,dk3g14otii,1579332829
10066128,,aa6gcxcxs0,1579333939
10021793,create,spnfoof4fh,1579331470
10013471,,p6hr88ypvl,1579336527
10016521,create,rbryy6m5ti,1579330257
10020798,create,1gxk81zzyi,1579336897
10054629,pay,v9nnhgoi5q,1579339925
10044272,create,8mgs5856di,1579337292
10028371,,ko09j0mman,1579335151
10053940,,creps6ar23,1579333176
10100516,,zljxyd9c61,1579331265
10043500,,tk276pq53g,1579331271
10084371,,emc84c5blz,1579336447
10053840,create,pqodq4movv,1579340044
10070149,create,y7rzgydf41,1579336252
10096225,,enbk3gsg9h,1579336285
10050405,create,lk3i41bvr1,1579338482
10051726,create,d31cy9f7xp,1579339001
10014529,,gjinhhrpo6,1579332910
10092316,,p6wz8b4lsa,1579339754
10027709,pay,kkc4wr6o8e,1579332183
10016064,pay,a0ojm1bchk,1579336776
10083312,pay,g2znyj30aa,1579337334
10013908,pay,ih7ykh13bi,1579338732
10019276,pay,5l5sxmi2qi,1579333779
10088763,pay,vd8yu5jmy1,1579332838
10018913,,e3z1818v9c,1579331412
10029025,pay,c8bbuexp4y,1579331165
10074408,,3oqe0i7ltu,1579335458
10098034,pay,nyeskwmzmv,1579338476
10077368,pay,ydo5etmlkz,1579333140
10038633,pay,8t7lfr8cbw,1579334662
10014896,pay,lsg4qvuq4b,1579334869
10107700,pay,krsih3womz,1579334966
10091979,create,ugdmkfhfsf,1579337674
10049378,pay,u7omd49npi,1579331578
10071379,,g53tx46bup,1579332900
10087683,pay,wpmestzdmu,1579330882
10020751,create,xj2kwjsc6q,1579339803
10069282,pay,fcz4h0fvs7,1579331685
10083371,pay,pyzgmz49kh,1579331630
10015467,,79k0lb5hwz,1579331075
10043645,,jf3bti5ug0,1579330989
10048657,pay,wuupdgh80t,1579336221
10041484,,3vm9wc21xs,1579336883
10043289,create,e1s1rs3cew,1579332373
10100651,pay,jh4mhju00l,1579336657
10013508,,sdh8dt0pr6,1579339621
10075362,create,shq59t0onh,1579332281
10090818,pay,jm0orvsj11,1579333532
10086706,,nq1u73mkyr,1579331879
10063689,create,yin4mgzuwj,1579337703
10015838,pay,4mcpzxg2dg,1579334237
10048099,create,wmof5dhdid,1579339479
10044473,create,btx0nfolgn,1579336133
10033073,,k6bxoweq7y,1579333600
10084830,pay,ayj03rlzxp,1579339766
10098522,pay,yzxlv9irrv,1579332388
10020987,create,oqiqeizgnl,1579330291
10034011,pay,uxkvv88iak,1579335238
10091500,pay,9fdg78hjtm,1579331563
10096581,create,1vmzyjwapl,1579334625
10079196,,bk80t957vq,1579331503
10033331,pay,zky5bbcgeh,1579330637
10038176,create,a04ipl1070,1579337241
10060190,,pkb32xscyy,1579331105
10080399,,vupig55hjf,1579334142
10032166,,2oaoeaurop,1579339830
10064565,pay,llqhm02cis,1579332146
10062324,,e9axtshxzj,1579331095
10078613,create,2szvapcvi6,1579337474
10046846,,hr2zev41f5,1579334689
10083770,create,lx6stobdsy,1579337670
10031743,create,egpyrvuz86,1579332009
10092872,pay,kc1dk2kltm,1579333213
10013149,,5oyt6v15kt,1579330443
10088627,,hg8ynzrqro,1579339469
10097578,create,nu4xm0i133,1579330224
10048471,pay,8evc83w5up,1579338636
10061156,,o42tmq2you,1579335185
10031871,create,5fosi5kszi,1579332509
10037524,,ue5p3to41p,1579336471
10103191,create,lsgo0c7wua,1579333402
10032987,,f37876c2f1,1579336144
10108656,pay,f2w7obegyp,1579332335
10014434,,94gqebi2gp,1579335819
10099491,create,n4gwfovvox,1579330764
10040676,,xll1onp5ir,1579334030
10094940,,ohe44nha29,1579334506
10011046,,ugcjwhvb53,1579334817
10108712,create,9ubrjr6vs0,1579336318
10086461,create,byejgx5n6v,1579339221
10020247,create,rmle3ie1id,1579336582
10097643,pay,e2sj3ewlgk,1579330804
10058285,pay,7880q16z89,1579339966
10092741,create,8xejihjxw9,1579336094
10078336,pay,lzbg0xq18b,1579339593
10092382,create,x4xo03ycf2,1579330958
10057976,pay,dxdp09laqy,1579339241
10013973,pay,cp98mda35d,1579334285
10104268,,slqjjikc5h,1579338404
10099078,,ax4xnka9d1,1579331091
10066167,,g8mll41ph8,1579334685
10027785,create,1hax6zwe3t,1579338168
10071413,,tj6p1n8dwv,1579332881
10032199,create,fx0k78itwe,1579336755
10062210,pay,t00any6ynu,1579330415
10027545,,br6xzf5tdh,1579338340
10086897,,p27ymq9wib,1579334278
10063837,,bsjf253upd,1579331682
10015847,create,0jut7m4zm8,1579335556
10063674,,a5cy4hwxqu,1579331403
10089002,create,djfblwhbi7,1579333761
10052429,create,aw4n12vxqg,1579331103
10069723,create,amp13w76lk,1579334709
10105966,create,xzit8qqlqs,1579336833
10075052,pay,089i2ozkr6,1579332480
10037982,,yxbm73al45,1579339990
10076018,create,zy82q7l4sy,1579338107
10024164,,nzh5ss7dd9,1579332222
10013281,,r60mcostzz,1579335100
10013580,pay,wdht8llgv7,1579338747
10053184,create,prjnfbmjnd,1579334624
10109080,create,un5s0lt31h,1579330683
10017208,pay,5z143hcq5v,1579331216
10107925,create,151t8q7916,1579331398
10053838,pay,c3zij2lk4h,1579333318
10081508,pay,ixzisveeql,1579336710
10086040,,mf6fagjpu2,1579331547
10038692,create,7kij8l4deg,1579333819
10059798,,z4e2c4rrfn,1579331645
10061206,pay,j8fdo83655,1579339281
10039604,pay,py7c24etg2,1579338348
10021450,create,3fn8l7xqec,1579332030
10045296,,fs75dn3r5t,1579331032
10093204,create,xvrrcwc5xt,1579333484
10101338,pay,prhviufqy7,1579331931
10043928,create,8c2q7qyugj,1579333110
10074373,,suy1ltrjn3,1579332957
10053711,create,oi0imkrb94,1579334474
10107847,create,lgoeqdzq00,1579337721
10040377,,aj7h0mzqql,1579333760
10023476,,h8bt18s2dm,1579331211
10082881,pay,yofsugicms,1579340030
10048545,pay,5gvpmw65v8,1579330766
10025810,pay,kmfd2clt01,1579334059
10045273,create,yvtzawexe9,1579338499
10016711,create,ubxsd3yujt,1579330516
10063899,,mm6hjvpzqb,1579337093
10074869,create,drooh4jvhw,1579336445
10014701,pay,9ercf1vg6r,1579338048
10015326,,l314id7dr9,1579337527
10055781,pay,9okixs5c8e,1579333859
10055096,pay,qxzyk0hzp1,1579332474
10023263,create,avahlha57r,1579333382
10109925,create,urvhtccmnd,1579335008
10088460,pay,taq9cq8shu,1579332669
10049374,pay,0tq88hkmts,1579332380
10012582,,98mkusmdai,1579331934
10015652,create,lw3myxnhv3,1579339144
10083736,,8xfke015h7,1579333016
10027292,create,h0ew7v08mi,1579334983
10063247,pay,o689t3g54r,1579330652
10082657,pay,i3x44ycf1f,1579335800
10038737,,mvmz96x2kc,1579335229
10050214,create,2qwy1tdj60,1579337986
10079942,,lcwcu4oorw,1579334270
10082608,,me9fekid20,1579336807
10019894,pay,h9730t8lon,1579334851
10019810,pay,4i2itir5u4,1579331198
10038895,pay,0ifjc0m3ux,1579339402
10052931,create,6vgbs0h1uc,1579338881
10011610,create,a4corg9xyx,1579332869
10104810,,j3xg5h2wft,1579337718
10088646,pay,tztrzxgiun,1579340131
10046028,,hdb4eaoqsa,1579331456
10023138,,w1mkp4gvqk,1579338697
10105765,create,ya3mc946l1,1579330624
10020161,,bngecwl88d,1579333243
10055756,pay,jehe5ftyck,1579332242
10082182,create,7c5qin2ydf,1579335334
10042551,create,05aag8oct9,1579335207
10047307,,jlbdsu3529,1579333790
10018418,create,xmknuqbxri,1579331765
10068745,create,azy5dpjrie,1579338615
10074415,create,pc4194522o,1579339282
10063690,pay,kd5t0gltoq,1579334122
10010539,create,826m14nq6j,1579330714
10067724,pay,63zh93n9it,1579334954
10087300,pay,vl4dzvkb8f,1579336622
10066895,,vz92l15o82,1579332081
10090691,,7o9spy5dsd,1579336347
10043781,,7difoans3h,1579334512
10108235,pay,y4447bh8w9,1579331057
10066117,create,2sh2zbedyy,1579336489
10057634,pay,m72g41foj1,1579336783
10067006,,xv5zqbugae,1579339188
10031542,,su8bhc8vnn,1579331261
10014227,,f1e2hv7nmp,1579330625
10022036,pay,hzmqgn0qol,1579334433
10042873,,m2iuxpb3ct,1579337355
10066637,pay,ld48bclocw,1579338787
10030259,,mwp9q4oqel,1579336824
10014037,pay,92p7dxlkxc,1579332385
10025026,create,qdqyss1rkg,1579339760
10042177,,zigk8zbrb4,1579334370
10103357,create,mvq1kuft1e,1579337899
10073929,pay,xhxzaegswq,1579340025
10014387,create,kgasolhptw,1579333485
10026334,pay,uegyfiw38x,1579340059
10094191,create,lnl9bs5vtc,1579333506
10098213,create,20dkz2ymco,1579336672
10073125,,nknv8z5uii,1579333405
10047947,,wu646uskqz,1579337187
10074846,create,vca968huwd,1579332162
10038289,create,i8v99feofj,1579334534
10106982,,swjcoilbaa,1579333038
10028332,create,kvsljfvq17,1579332749
10073220,,vqb2pgzjm8,1579332040
10074072,create,g2sdyg9owy,1579334759
10094488,,rn2s6ed6br,1579339212
10058504,,bl97qnlwup,1579339210
10012931,create,8e5oycdhmh,1579336232
10109766,create,gmewbiofjk,1579332881
10066564,,xvxdjgqtt1,1579337463
10081579,create,02kq25l6ap,1579335279
10064748,,96lmcrcdsf,1579330632
10064084,create,w3zyj1njsn,1579332444
10065047,pay,68pl822ccp,1579337570
10065128,create,wv0ciky5oa,1579337700
10050582,,xqj59xis1q,1579335109
10052178,,wlrqt51ju5,1579338090
10033630,pay,ipjsj8cj8k,1579331147
10073241,,x0amssfdfz,1579336598
10066019,create,t6h7dii428,1579331121
10081529,create,ghwm2741qm,1579331910
10019763,pay,d1k86z1olv,1579335712
10073071,,z8obssyyn2,1579339401
10012448,pay,ell8fk13wr,1579331458
10109085,,glpfmjwhxu,1579339342
10090997,pay,8g1jvdw3x2,1579332132
10035625,pay,hblmnz0z4i,1579330903
10054766,create,1jlie8um3b,1579330252
10031893,create,tc4me333wr,1579333398
10094309,pay,z4fabn4ulm,1579334870
10015556,,ufygo9uvt4,1579339489
10045698,create,kvyk6p6gfk,1579333937
10108504,create,edjnzwewil,1579338522
10011925,pay,d8b8ljt5x2,1579336945
10019743,,amuy9fr1mv,1579332069
10082741,,0tthqf4yyz,1579336312
10033407,,zq6v2y5i4c,1579337858
10092134,pay,5bn9fxf0q3,1579334019
10099404,pay,tb2nkcpsdg,1579332754
10088744,create,5u87flag17,1579333380
10011765,create,n5a5l9no9e,1579330225
10058635,create,59w3884z39,1579334522
10025515,create,3xco1cvpx4,1579332821
10032143,,k7gsdx7cl6,1579336114
10106716,,zax2wfqx5j,1579335578
10026922,create,jj16a0180x,1579335233
10032311,create,zsmnaui2h7,1579331999
10027866,create,ho5nd9p5qa,1579331831
10056504,pay,x87j417z69,1579330255
10081210,create,mao0mnautq,1579334234
10038613,create,ag2a6pkylg,1579333622
10084929,pay,ecjshrcf3s,1579337326
10083702,,dsu4y58i60,1579335791
10090447,create,8sodhx62fp,1579335637
10081764,create,78vc0aapfw,1579338674
10091720,,yckfb0n32p,1579339428
10043804,create,ohq38b9105,1579337589
10066891,,w40czb7z2o,1579333020
10023941,,6j132lc7v5,1579336292
10055020,pay,2ioqt9kzn7,1579331159
10085438,create,psno6y7ail,1579332250
10095807,,pb1nceg8sr,1579330962
10015590,pay,31tbi1pf0f,1579330730
10033737,create,znr2w5fm5j,1579334138
10019471,create,2p96mmdwzq,1579334823
10089761,pay,b6vy2jgsef,1579336614
10025769,create,92olr2poo8,1579337356
10033400,,xj5hml9lxm,1579330409
10019284,create,eqrbasx2pj,1579339795
10046060,,4ea2sawipd,1579335700
10074156,create,lzjheo84uk,1579332702
10052414,pay,d3ojyd3glq,1579339351
10099452,create,my05hr41t2,1579332091
10010825,pay,79ojx3iixq,1579339879
10024490,pay,97w244ea54,1579336110
10096096,create,l3a5rviqxm,1579337838
10045131,,zlq0b4c4a6,1579336879
10078242,create,qa2k1dd5l3,1579334866
10024205,,g276pfn1lt,1579333021
10099500,,pkb4nei33i,1579334311
10089391,pay,qj5wkth6cz,1579339467
10078473,pay,msteqepngq,1579331242
10100033,,4bav522d6l,1579332426
10025062,,g0raye043a,1579339921
10060774,create,etp4gl7urh,1579339085
10032780,pay,az0m5k66h5,1579332354
10044330,create,galaxxrakq,1579333550
10026063,,johe3172gq,1579332417
10048334,create,t2ggtm1h5q,1579332836
10079341,create,3bkynhk19d,1579336228
10051904,,h3d7dasmsg,1579339271
10091942,pay,gskqnf6cpq,1579330936
10056436,,aqekb5xwly,1579338610
10098299,create,ybefvofy7f,1579330900
10092093,create,zh5cifpnhf,1579336346
10016457,,pb11cd29o4,1579332358
10046565,pay,daur720qoh,1579338245
10089555,pay,a0ftzrex78,1579335095
10025879,create,w6a35nyl1u,1579334960
10054730,,p6c3uer9kk,1579332404
10088426,pay,19ro348vzq,1579334731
10081808,,xui3u97rc5,1579338645
10102784,pay,eqckruapr9,1579332650
10060173,pay,te6h137m7t,1579337112
10067587,create,bcq5bnvmfa,1579339734
10076374,create,fxsejsk8gx,1579339579
10097330,pay,rj74hpvopk,1579340137
10017320,create,4hd47b29uc,1579332892
10021940,create,9kp9bql0u4,1579330246
10054290,pay,48q1l07umn,1579337297
10069818,pay,c9mcq5lde4,1579339104
10011583,create,6ebe0ombw6,1579335790
10104243,pay,xt1vyb30h8,1579335634
10100219,,x1gnvd62vo,1579333726
10061193,,c6lc53m6te,1579334473
10101942,pay,yflijayam6,1579333152
10093004,create,jid7mt8ow0,1579338889
10021675,create,eovsnioxqp,1579336900
10056772,create,6y5vb20inz,1579336192
10087580,pay,mdqnuoigwv,1579333334
10098981,,3plh5vg0ca,1579338352
10067087,,bn4k36ulro,1579333841
10078578,pay,amdwjnnfsl,1579338104
10084497,pay,xw3jjs1l88,1579331626
10039555,,jr7ijhx5mv,1579338725
10071204,,eyzwkndipx,1579332200
10091071,create,ky6oxaiio1,1579333909
10053097,,vzssndz1ke,1579333066
10078251,,fklkcp1hbw,1579332629
10081372,pay,gpr7odosor,1579332526
10030020,create,bkesi28221,1579332782
10042775,pay,ota5pg4ojc,1579335289
10051663,,2qknnenocy,1579336524
10043188,create,wjqxanqc7a,1579335615
10089302,pay,s855zpq8hn,1579339661
10044525,create,danqozwdb7,1579337090
10031054,create,q0txtcyb3u,1579337268
10049057,,2n5e1vzv3p,1579331827
10025370,,l53bw6w894,1579337767
10067566,create,sb0ygl5iwq,1579330857
10090896,create,o2wxgfa3ml,1579338102
10078151,,2bwuhmx0x8,1579331804
10064179,create,vg7kf73pkm,1579333382
10081023,create,0nkncw7y52,1579339543
10081620,pay,hiaopq7rx5,1579335352
10081310,create,6c556bymw7,1579330482
10020323,create,9xjyb623h9,1579335428
10086664,create,lhixriu4j6,1579331336
10028825,create,xht4nh0p3v,1579339647
10089371,create,s6bhkb5bba,1579338840
10063145,pay,v2j8k549qr,1579334885
10013712,pay,x118bc6ys7,1579337698
10106237,pay,nggvt19d0s,1579337923
10048468,create,n0mohr8imz,1579330266
10089597,,tvo75bmfdk,1579331587
10051757,create,eyt96zpza3,1579332928
10054663,,a2vbw4810o,1579335021
10010803,create,4m2fgl0i9r,1579330984
10088609,,g8x1uwyy86,1579338439
10062763,pay,h4wj456r6d,1579335922
10044214,create,j42dj33fsq,1579336153
10034406,,8ta9norj76,1579336440
10106736,pay,5t4utwgof7,1579335582
10038213,pay,z7e8b2cnug,1579337287
10102059,,6p1f07dijd,1579334036
10070403,,wgrp3lia10,1579338061
10049837,create,avxi7koc5r,1579339569
10092379,create,sgvqgeu0it,1579337479
10052985,create,3evsndo7oz,1579336977
10041304,pay,w58o9fvflx,1579337308
10080573,create,d9a7shwbfy,1579335056
10107755,create,pmg9pwh529,1579334126
10045016,pay,ndju3y1tg9,1579336702
10038833,create,asje3idc1d,1579336434
10096468,create,jzh2wv6mir,1579339087
10073659,pay,ffa15vni3j,1579339194
10057360,,03e756oz7d,1579337214
10094802,create,sd38jhvot2,1579337861
10098315,pay,s03b3nspg8,1579330473
10084019,pay,uxroeeqzah,1579339178
10012962,create,hxsz9enfbv,1579338467
10103563,create,gsnd0jr5dp,1579336586
10083683,pay,xaxr1euqwx,1579339343
10085363,pay,guhmz8z6p1,1579333957
10042906,create,khoqmaa5oj,1579331159
10099541,pay,mmwji8xq42,1579332539
10025287,pay,tzzrh54tnt,1579334364
10091019,,ze04t50xom,1579332505
10074956,create,3amctqo4oh,1579331413
10018361,,5lqyl1gl0g,1579332298
10019008,create,nfsx0zsmlg,1579337711
10102559,pay,xc0irjywub,1579336090
10043479,,w3elkxhkkf,1579336651
10095102,pay,9wmlr9p7jj,1579332083
10011297,create,5c889fm0yp,1579330294
10104482,,5azopobudi,1579332162
10043035,pay,r06ucy95q1,1579336445
10078172,,b0am2kccj2,1579336432
10040759,pay,59flt8wipo,1579332297
10023166,pay,fae50wmwjg,1579334556
10072888,,3a23ewrmmw,1579334624
10062333,pay,nzuzht45d1,1579339491
10053660,create,2l13sobynl,1579336563
10066095,,g947jpthhx,1579338209
10044704,create,u90k23u8nu,1579331449
10069392,create,bustj770a6,1579338310
10078132,,vsme8nu94q,1579334869
10082386,,hxq9mp63im,1579339026
10050708,,l9ukvf09bm,1579337122
10030063,pay,fnjf9kges4,1579340080
10066848,,itru5v0txk,1579339623
10010624,pay,70y1snuoqy,1579332080
10014563,pay,yqqfqrdk1g,1579330429
10045529,create,5yvwms020b,1579337705
10042921,pay,hpacfw5h7f,1579336025
10105024,pay,b1tmpijfi5,1579333796
10072228,create,bhf3didon3,1579338806
10032210,,ajfbofzxla,1579330645
10108794,pay,juz0l1xk1v,1579332235
10055936,pay,5xbs5uakx3,1579336295
10055079,pay,seywe3gqtl,1579338616
10078257,pay,7wskf80xzi,1579330422
10102897,create,yniqp9hhuh,1579337578
10045704,pay,2x71jw5b9c,1579334551
10072538,pay,fmzhkn8j95,1579336924
10065284,,h67f5wwhvz,1579332722
10013823,create,p4f1ewoqzu,1579331338
10105905,pay,6n6pjddlcg,1579339533
10016494,,rgi50s4yp5,1579338562
10033859,pay,3ne64ge5ap,1579330500
10086804,pay,9hepl9y1f5,1579337177
10066971,create,l8k0n4qkhh,1579333001
10034764,,m9npbcv7dl,1579334779
10096267,pay,tfl10u8d3m,1579334959
10082233,,e48b40q8gn,1579330667
10016214,,pc0co423vh,1579332062
10045878,,b7nkut7vnd,1579332213
10025058,,bf2jfaz7vc,1579333956
10071017,,i1qz5ibdni,1579340117
10105283,,upr3888fzs,1579334304
10092436,pay,8lh0v0tqaw,1579333613
10070900,create,6cncomtkt2,1579339545
10076514,,52bj3o874l,1579333042
10073041,create,l02xzg987n,1579336467
10055319,pay,p28stscrq2,1579333911
10088249,,urioec2ovv,1579339242
10097826,,wve53fa54y,1579333458
10074903,create,p1wa16f846,1579332457
10076002,,q0oqzyn2u7,1579338074
10072352,create,61nz6tslqs,1579337834
10074208,pay,mpmsf42qhj,1579337480
10034640,,5fctdfzyi4,1579338837
10059254,create,fiho40gx2f,1579339474
10036106,create,y0gj5fdsn1,1579339192
10075368,pay,agrs513iic,1579337282
10059666,create,pmpnk44bfl,1579338423
10053477,pay,ejcbmvf5te,1579340061
10080275,create,qdr8dleghp,1579339972
10027408,,c3aahjt0q2,1579335941
10085816,pay,gu1rh83btu,1579335199
10030948,create,dptaco4xts,1579336151
10035594,create,x8u1fvflz1,1579339631
10109196,create,7lgv942ruz,1579338226
10042651,create,10d5r00s8r,1579336170
10015242,,ykrroe5v06,1579336089
10080263,pay,e43z26718z,1579333681
10078900,pay,qvv4uzvt3a,1579334848
10055279,pay,wcvjjok3w0,1579338354
10028097,pay,a6g7c5er6a,1579338605
10061362,create,hp0kmnp0fr,1579339568
10015491,,3t15s5kvb6,1579330229
10023735,pay,bi3xjy0sn4,1579331549
10052972,create,ej3p3u6gmn,1579333126
10073688,create,8hfvr8kd9g,1579337127
10084941,create,vf0a47ca8g,1579336320
10045904,,byjk9644rk,1579340057
10037592,create,1ebwp5ru0j,1579335859
10074535,,t2xdm9sb5m,1579337991
10065913,pay,4py2gc16ig,1579337503
10075041,pay,4n9iqvg2b0,1579339021
10082713,,7zeatxs36p,1579337906
10037936,pay,p5d5x2l2n8,1579330895
10094686,create,ebm4qj16od,1579334133
10027867,pay,jypa5bnv8c,1579333541
10089407,pay,ff4y8jbt0d,1579334224
10076883,pay,rpggvis72g,1579332272
10014096,create,vhao8sh8ih,1579334735
10084278,pay,swc743oqb5,1579331236
10062097,create,vvwsy1oanv,1579334712
10087029,pay,4vyb5k07oa,1579334063
10036248,pay,63optv3k0n,1579339414
10044682,create,v0qkck0ybt,1579331406
10089640,,6204waomsn,1579331200
10090401,pay,ei0pzgua1y,1579333160
10053775,,ap3ym0qjei,1579339514
10035966,pay,t2tsurthjn,1579336472
10051697,,z9k1s5zrai,1579336650
10082638,,jz7278p9wt,1579339376
10059400,,7adlnw6351,1579331053
10082125,pay,0lo91k7tcf,1579333846
10022682,pay,s0ack9cbyh,1579335350
10012258,,h8zvxdowmn,1579331387
10058567,pay,u9evbr8w9g,1579331988
10080557,pay,9uxjw0ce0j,1579338908
10070523,pay,sn71he3t8a,1579335382
10045488,create,54opr3135q,1579332527
10084921,pay,s7ofarvvy6,1579335843
10050046,,dhhdsky120,1579332235
10072539,pay,ogau1jmprw,1579337163
10095153,create,juthz1mjj1,1579330874
10053379,create,qkcj5rofdu,1579336737
10041446,create,lm66iyyw75,1579336768
10095660,pay,c3rg9eqqu4,1579334348
10017156,create,s3jd6j46is,1579330533
10010580,pay,adqip2y9io,1579333353
10027079,create,9k5yln0opv,1579333064
10013287,pay,1e5w9pqeby,1579335878
10103053,pay,zxkzcvmiwu,1579333529
10067465,create,y1vtn63mts,1579331887
10109871,pay,1dojfmlwho,1579333304
10056043,pay,tpheelv6s4,1579330462
10022249,,u5p1ho419f,1579334219
10023761,,npmnyw7ef3,1579330519
10018231,create,5xw3m456re,1579337226
10018672,,h1aa9zot3i,1579337295
10092322,pay,psemuzj2w8,1579330658
10019124,create,zjxvsxfuc0,1579330439
10077701,,74fiijzp6n,1579335633
10070378,,7xfuqinol3,1579339280
10080991,,eqfc7gnd7s,1579339798
10070728,,w28cs5owqa,1579330969
10075375,create,wn1ws99epd,1579339656
10040843,create,2tywuc8jkq,1579337560
10068249,,s2z7o1gxgc,1579335974
10082032,,sqobm46740,1579338829
10058124,,y92khisgul,1579336428
10079201,create,umw21645j3,1579338648
10022179,,ra8f7b3xmy,1579334556
10032532,,e5e2a0v2zz,1579334069
10030623,create,xdyhjq4nqi,1579334325
10108238,create,sy0711z4u9,1579337925
10066953,,n3b7v5a7e7,1579335204
10083221,pay,q913zq75g1,1579337718
10044213,create,dpa96r5su9,1579333462
10021073,,5pyuj2o3tx,1579335829
10046548,create,qrqoejlo9f,1579331635
10057559,pay,xfkr7bhsl6,1579338696
10092595,pay,0hj2e74efs,1579339576
10092597,pay,bz2i0di0at,1579335486
10012688,create,13gndcbi1t,1579337302
10082695,,r6alpoe3it,1579340001
10055393,pay,rv8dmjxk6e,1579331995
10102924,create,p9aayjs676,1579333103
10090518,,u0qnpknxej,1579338925
10100716,pay,62t2ik0o6b,1579336745
10055578,create,ggmkak4xwl,1579338822
10095129,pay,w9x7r1pchn,1579334895
10100542,,7iy821e1q3,1579332261
10084690,,3rxjbli2z6,1579331048
10021793,create,di44e4nmw8,1579335025
10014533,pay,vqxnhmntik,1579336841
10040330,,5q8jhyr5wx,1579337049
10019260,,c7pwarqvqt,1579331350
10071573,create,853ezx0vpo,1579331588
10101806,create,z2xwtykwgb,1579336055
10054512,,9ebbx0o0op,1579330527
10030569,,a0vrac2sli,1579336170
10056491,,u663pcz8cv,1579336379
10037147,pay,euoevdxuht,1579335065
10046576,,9u7yjnf4el,1579331452
10075266,pay,d2fm7rbb8z,1579334845
10035237,,9w69k87vs9,1579339912
10057811,pay,ql0y8gpwg0,1579332786
10010985,,lnpnvf1wmc,1579339016
10023366,pay,08m4hy6g8h,1579330312
10065649,pay,mswvk5tngk,1579331662
10096246,pay,vobr360c32,1579338474
10089123,pay,upj2l4u8tr,1579333596
10094738,,8mu0cjcmc1,1579331440
10031711,create,cxg72dwrsz,1579335090
10011114,,i0giz07obw,1579337464
10077601,create,53u54rqkly,1579338731
10033963,create,9l6xsqwjgn,1579334974
10046537,,c3g6aj23u3,1579332058
10108444,,k1keyxte6n,1579339952
10042419,create,hn7xunnq1c,1579336252
10033358,create,tkkaxd1p45,1579339628
10097344,,snvfj2zx8e,1579339778
10075202,create,4xojzelks2,1579336649
10017512,,4rlxrv3owg,1579338980
10038908,,1h56yy0gyy,1579337352
10023451,,kgcexmqf2t,1579335978
10072531,create,hlhkua0b9r,1579337554
10091196,pay,ewk01qv2n1,1579337894
10098878,create,v8grv9hlpw,1579339326
10043300,,gcunp9j686,1579330439
10060933,,xpgtg0bnor,1579332676
10109022,,bgcyv4z7ac,1579333199
10039881,create,mne3nn9jvw,1579336715
10071520,,53ii25omxp,1579333565
10054657,,pvy0bjrh55,1579335961
10046562,,ui9xn2d24a,1579331196
10080150,create,svouqlk5rk,1579338727
10092062,pay,96sh9vltmy,1579335154
10027550,,hnj6jx7z4q,1579336232
10030633,,8tccwnq05j,1579331373
10014794,,s1i3m9l4ub,1579333003
10078400,,b69dbstn16,1579339043
10017659,,uo8pwd8grx,1579331425
10012485,create,8k0koywie4,1579330631
10032797,create,9r3xdb4uwi,1579335894
10076828,,n7eix7g9lh,1579331769
10102819,,0939pr5at2,1579334906
10021464,,a8fdsl1pdt,1579334059
10050530,,h1ui2w0w14,1579332649
10093866,,1h4rso0p8s,1579335931
10044523,pay,h7k3elcnjk,1579335174
10052662,,y15vrerdgu,1579334168
10071530,create,6kc2r2axuc,1579340068
10053789,pay,p1bhigi7kc,1579331406
10022316,,vid3k84jbo,1579332712
10067077,create,m2q4sfsf7s,1579333010
10107332,pay,lv1zcekzot,1579336637
10017290,pay,gmf7tu6vxr,1579340090
10105991,pay,k29y9jwcyn,1579330307
10107789,,8rqh2bqwmg,1579334076
10019096,pay,bkm5me0f7v,1579337714
10077305,create,q6dsji954s,1579332317
10037852,pay,39p08u9osr,1579335597
10060681,pay,agfu5br352,1579333408
10064820,,d961yxfsyi,1579335776
10073006,create,fnn329lpzq,1579335637
10022306,create,viukjkdn8c,1579337160
10013208,,feke8wq77x,1579331825
10061876,create,8n7gfqmsek,1579338285
10087972,pay,01t5m3f9to,1579339097
10045045,,4ejd966yry,1579337917
10089735,create,uykip1x7ek,1579332684
10099661,,o2uc1qtie3,1579338205
10023576,pay,yla4ray0o3,1579338706
10069100,create,9a263vd06c,1579332147
10066960,pay,ymekecgpkv,1579332088
10062115,create,948yblh7kt,1579334713
10063574,create,w2z2ac4r7a,1579332242
10080017,pay,js6mccxulm,1579334896
10097936,pay,84m8nttb9w,1579330954
10044869,create,0qdwsjdyru,1579334130
10070938,,wha32wh2gl,1579334057
10077423,,awo3ryh7j5,1579335081
10098212,,jefrlypfz2,1579330854
10076802,,xnggqna6k0,1579333635
10082930,create,43laqi6m0o,1579333063
10035253,pay,lejo7110yf,1579336059
10072600,create,ci1b7hoa1f,1579338050
10080755,,xziwgf1fti,1579332776
10095445,create,x2nik9gp73,1579339539
10077905,pay,jesxegtv4x,1579339972
10086092,pay,g2dliwyyp8,1579332627
10033184,,9nfxixm2c1,1579330335
10052630,create,29flpgbem6,1579338949
10044580,,ozw4apa2zh,1579334639
10107438,pay,fzkmz4hgsn,1579332149
10107508,,wjrgk949na,1579336575
10082799,pay,l3bq2lfrik,1579333408
10039074,pay,6g0gf3g92a,1579334295
10078901,,6218vhwp4i,1579331739
10010921,create,t2atjaqclx,1579333418
10046662,create,4g1vhbg3p8,1579333984
10087301,pay,ox38ijc9x3,1579337963
10090710,create,vluiyiji12,1579335012
10049428,,1tr384psjt,1579337579
10088874,pay,wv6me3a78x,1579339488
10049796,create,e3e7fjkpc0,1579331744
10063719,,in9kzip811,1579332760
10080883,pay,aalz29n141,1579334211
10108933,create,5x7u8qqa94,1579339912
10061466,pay,jp8yd4dmjg,1579333820
10068787,create,ouxd7bavkx,1579338819
10040785,create,ujphjh54au,1579331092
10092428,pay,jd63mc1h66,1579335194
10095872,create,pdfj023l36,1579333457
10036408,create,flz61qr4pq,1579335012
10050591,create,cwumh8qrv8,1579335888
10068671,create,rv1qfcjif4,1579332458
10076278,pay,a0v2wa8bhv,1579337794
10035088,,1ir9lmpndq,1579339607
10043336,create,kf4y8gwvlx,1579331542
10085705,pay,rez9ax2g94,1579337401
10080764,create,iaqmd3bqog,1579332715
10021998,pay,10freq53wy,1579336178
10066292,,ht0gtporul,1579337323
10018729,create,ulnongmdse,1579337995
10013645,create,zwsg7k28io,1579336581
10094415,pay,vaekkcdrkx,1579332307
10045466,create,xa3u6e8w1w,1579335568
10052933,,j0loc23tuk,1579331160
10040470,pay,1wbsoxvf9w,1579338124
10095465,pay,77aft1ysmh,1579340020
10021676,create,llv9awxpik,1579336670
10106774,,qeopdudggk,1579335571
10108874,pay,r5phdrwhia,1579332284
10052682,pay,83oaa1od5u,1579332389
10092982,create,2mhdbu9dn1,1579337338
10086705,,qf8iek26l3,1579336276
10102532,create,z3kwp446md,1579330274
10052906,create,v87allsxis,1579333197
10023242,create,hhucw5pj2i,1579339671
10089365,pay,vytatcfzkg,1579339275
10100501,create,mxdv5bhz3u,1579332679
10082026,create,1vam3w180o,1579339101
10101542,create,g93pzyyhgm,1579331093
10092257,pay,k8uka71cfn,1579336730
10039192,,ft562f7ttx,1579336861
10083093,create,z9edcq1d8l,1579336180
10062292,pay,zce6okl44o,1579337681
10098924,create,hgjd4dxz0m,1579335970
10099264,create,bj919t8hr8,1579332463
10011312,,3rfyomsc1v,1579335315
10100723,create,okf6ly7ilg,1579335920
10029635,pay,1hcu5l3dim,1579337955
10064681,create,7o2y9tca7h,1579331308
10089430,pay,3dax5bfxud,1579333275
10043576,pay,skydhhl3nk,1579330438
10073602,create,jubjjiz6dn,1579333363
10026217,pay,9ay6dqlox8,1579330474
10092036,pay,cyd5jzlfco,1579338971
10059734,create,1shakb7vow,1579337747
10043747,pay,bdquyj9l93,1579336962
10026659,pay,i4ghqbm3m2,1579339840
10012293,create,ksn48vfuh7,1579336742
10020569,pay,xialaiu6xw,1579338539
10100023,pay,0emaleul9a,1579333437
10069985,pay,h99i8zwvsp,1579337889
10089606,,4ew5lft5sl,1579331128
10044767,,j0y4sluriv,1579333567
10032316,create,f5bze9n2xz,1579330322
10041781,pay,2hs5uhuu3t,1579332053
10101759,pay,bnffdnbz9a,1579340019
10087397,,goso2k0k0z,1579330658
10018936,pay,uia4th1fxo,1579336227
10013155,create,jsz0bbq8bm,1579332401
10050020,,zj9kyedrpx,1579335606
10057990,,bcneeafeab,1579332891
10101716,,zj9gcns2op,1579334992
10025421,,9rmsu7kwnz,1579339947
10090737,pay,ih4paqsnr0,1579335045
10077397,pay,15qun3doww,1579330483
10043739,create,cne31yxptr,1579338957
10077816,create,sj6z9loloa,1579333370
10091941,,60nmeripgn,1579335244
10108182,pay,gbfexatpy2,1579331422
10060698,pay,1cgc9y8ub2,1579337001
10065519,create,qjmerwdgyc,1579330445
10018474,create,smruzl4w4y,1579338692
10018324,,pcmgk7ul5r,1579338381
10041912,pay,3j09dxsyr5,1579335516
10040230,create,eeqfsikzt0,1579332952
10074148,,34s1v70pod,1579339745
10062999,create,0hlkumrok6,1579331960
10102013,,ll5mi08jd6,1579332981
10090583,create,btiu76dwjt,1579336383
10054463,pay,9g5coyn2x2,1579333282
10094189,,grlio8zqak,1579332789
10029323,create,kr2gf1s77m,1579331297
10064654,,83i4qj475u,1579338201
10088390,create,kkujlwfvmr,1579340135
10032899,create,azxigvuuo5,1579337532
10021921,,jxg79b14om,1579339553
10081826,create,6gpqym2a4z,1579330976
10072738,create,xm1kxnt4yg,1579336227
10063748,create,4ovy3843q6,1579336336
10027440,pay,7goebr1i2k,1579338380
10106292,pay,oxthzcrj3k,1579339154
10027626,create,7wncnijmje,1579334814
10036687,,ybluwx6s6l,1579331751
10027589,pay,8a3qfmfit5,1579335563
10079439,create,piivn9q9xy,1579330769
10026561,pay,m4tt6p7iih,1579333754
10085625,pay,6xmus2vndd,1579331684
10033424,,51ckwkcyzt,1579336071
10033397,pay,jfm10f73o2,1579337886
10079657,,iwp9wxmd4u,1579332215
10098717,,ztayi72zqv,1579331395
10082385,,ccvqipmdrb,1579332171
10033011,pay,9x4y2xrd07,1579332049
10073494,,5jr0zyid46,1579333737
10100081,create,af6eypdds2,1579332102
10053114,,tv7u44w9w3,1579331791
10018505,,8bu46k5jks,1579333546
10096144,pay,d9u7tyebpq,1579335060
10027723,create,2jlvit6nek,1579336218
10039060,pay,bqduuc7oq0,1579335791
10046092,create,m59txmmwe0,1579335751
10100870,pay,baxqx23nz7,1579332634
10017415,create,51vmj8dhio,1579331764
10046907,create,hkymrntoqi,1579337316
10048819,create,j6926pc3w9,1579338368
10087024,,4feajjzmxp,1579331223
10027302,,jtgstylgle,1579330992
10010818,,7ow71unllh,1579338882
10064885,,3m6cq7winy,1579335827
10101649,create,sj0onoka44,1579331521
10063015,pay,uv17z6uw63,1579330772
10038525,,qrtjc3iq9k,1579335370
10105724,create,4koo5ziikp,1579339658
10090311,create,cwtbbe2v5z,1579336187
10088025,pay,qu0wy6ve5m,1579334761
10030279,create,p78ue3lfpm,1579333589
10061093,create,3d3erwcs8v,1579336101
10050665,,rhf2f10oif,1579336226
10029044,,g731s5nhn8,1579339909
10036671,pay,2xvoqe6pkh,1579331566
10063452,,xktndkxrno,1579332760
10067288,create,wq8oadechw,1579332110
10011199,,myfcb9qk64,1579332337
10046337,,1ymar7dxk9,1579333240
10058893,,iqpofnrk45,1579330591
10031268,,2swkid1f6t,1579336574
10082771,create,7dch3xzp6r,1579340117
10019580,pay,kvvzoglpd5,1579336705
10056877,pay,jbbu5dj8ph,1579339993
10073096,,1zmgr67ocf,1579338488
10014262,,9gv68fx0fj,1579333014
10108898,create,lclr80sm9s,1579336691
10056062,pay,8i5f437m8w,1579332319
10062351,pay,l1dotf2kd8,1579339723
10081535,pay,tv7cnj5ea9,1579331701
10032459,create,2py7ry4lbm,1579334420
10068463,,pr26zth1rd,1579330572
10052705,,ck80jtvrzx,1579339422
10067826,pay,4vjjg0wdyi,1579331512
10091520,create,rmbp8pplsz,1579330525
10089238,create,gby6v83ryt,1579335589
10075768,pay,0yca5ztd4z,1579332603
10044359,create,rqvokxo4gs,1579338257
10047817,create,3omjufx8yn,1579339176
10084341,,bj1de7az13,1579336500
10012277,,r4yeee5use,1579332484
10014356,create,673hq22fy4,1579336142
10101936,pay,v7qto2cr8n,1579334097
10093322,create,cb9pn03brg,1579336743
10094151,pay,h36ijs9csf,1579338467
10030197,pay,51hc3eyal3,1579330335
10038684,create,ycbq11g95x,1579339617
10069535,create,ikyxh7ovd7,1579339438
10015929,create,exvzgnbmzu,1579334186
10018488,pay,432ret23u9,1579339209
10030470,create,3rbb51q2zo,1579332440
10105019,create,djgudvxc1r,1579338395
10059104,create,rhdyvaci8s,1579332529
10072826,create,k7bjz4gvha,1579333819
10014723,create,s5ga4tjyya,1579332274
10012322,pay,4yub02h0x2,1579333555
10057873,,rk6117ouh2,1579337054
10098992,pay,gqw2yiw0om,1579334628
10086345,,u0buosfsmu,1579332013
10060526,pay,vg2orpq6h1,1579332144
10059802,pay,4pwy5fsnsp,1579331713
10022378,pay,76nthojlsf,1579338041
10071235,,b504qiu5uj,1579330608
10087742,create,eg945f7znv,1579339347
10059956,,kzmpx1krjs,1579333294
10092374,pay,xogxvfoc6j,1579337775
10071880,,v63uzucykj,1579334308
10037351,,h8bby3e47t,1579334758
10011967,create,opfs8lgkao,1579333500
10043512,create,dcchf9xmdv,1579338613
10101047,,ugs70005au,1579334426
10090235,,ckh8loboaa,1579333440
10044590,create,hdbz4rpsxr,1579340073
10098116,pay,302wk9l80s,1579332564
10044577,pay,bg19m8cp4f,1579332304
10090283,pay,ytzfmp2844,1579332838
10037246,create,8kygo0mblq,1579338881
10020225,pay,v5n12v778u,1579339996
10019301,,j60iljfans,1579334628
10085432,pay,07u2700lew,1579339369
10033066,,w5xeh3r9ob,1579331387
10055563,pay,zkzi3quxwt,1579330748
10017101,create,c7si0r1b70,1579334772
10031497,,4youkortwb,1579330958
10092970,,j0y9ig5sgc,1579334403
10017307,create,8j0ow33eui,1579332789
10051122,,5ptq91455l,1579338319
10031079,pay,ksmklhhi5s,1579334324
10019266,,i8d5tssvwh,1579331546
10102441,create,yu6m3o5h8r,1579338445
10045150,,7o55kv7954,1579333437
10104794,,97yjo2yyzz,1579338283
10102315,create,0tyrya6dbx,1579338324
10048433,,sinblb6u8j,1579330743
10032185,,4j4zor82ge,1579339267
10017103,pay,ejb9pykrdm,1579336886
10068761,pay,madcrfdr97,1579335243
10065027,pay,90rr1blz52,1579334899
10053210,pay,x0etoetyjx,1579337986
10103998,create,v4c1lkziyh,1579338658
10034841,pay,0qes3e8582,1579335869
10100899,create,ajnm2fg2yr,1579332508
10072174,pay,4m5l210zpx,1579338716
10074821,pay,y9zycd4xd3,1579330733
10093303,,s0uf2zzcde,1579339243
10029950,create,ryd1cndwdh,1579338456
10048214,,d2ked2k7uv,1579333931
10085474,,m4yagg8nue,1579339184
10087431,,mcowxx44lm,1579338582
10066998,,6lyb31xb1r,1579333102
10031121,create,pmvmtcnck1,1579331544
10105286,,5nvqiux7rz,1579339320
10050706,pay,w4i9c04dui,1579330657
10047638,create,17dkq9ehwf,1579334775
10071074,pay,nxzix4do86,1579338319
10024803,create,g3dtau5edf,1579332258
10015616,,mavxxfzg1a,1579332786
10032033,pay,o0k95r4kt9,1579340108
10058647,,gy91m5tdl1,1579332784
10076774,,l9is1u0wlb,1579336540
10020118,pay,drr8q3i6xi,1579336832
10017403,pay,l3sfcgfysr,1579332265
10036118,create,vps0qo0xv5,1579338303
10067585,,ydt96azgjc,1579336100
10065292,,2m3n5cpwqt,1579332143
10068976,create,9tocr0tspj,1579339594
10046087,,sv3cdvbo38,1579339480
10041417,create,2owlw1ewsw,1579338360
10102678,pay,dswwnz469o,1579331831
10104169,,v2qmuk4xyy,1579339741
10108414,create,bqum409sq1,1579337549
10024393,,omug4lewt9,1579338749
10054828,pay,xlgzpi3li1,1579339311
10089763,create,09fsmx14d0,1579336768
10041511,create,sfayx4r6wy,1579332914
10020971,pay,kxz4hg01u0,1579330433
10097578,create,p1g2235v56,1579334518
10036837,create,goywuo8gd1,1579331316
10068978,create,ddcnwdelek,1579335515
10059861,create,ohvst86ay5,1579330543
10057564,pay,yjk957xpab,1579331706
10103232,,guts3sox8k,1579336349
10077627,create,yj0qviu6kp,1579336168
10011723,,5xudji1kvk,1579336690
10103497,,5l9cmia031,1579333252
10038298,,9rr0q4tiyw,1579333515
10017880,,wtk4yhyt89,1579334560
10025914,,kvk34tt6ht,1579340067
10034701,create,b4j4rdsvn1,1579336372
10029704,,cdnswhfddb,1579337674
10062584,pay,6h8bj33tdq,1579332045
10058549,pay,pnj4wlv9no,1579333902
10095444,pay,yz59dqmjdr,1579332171
10037073,pay,9es6dpah85,1579339617
10065239,,ewxap3ellk,1579339922
10089142,pay,gs47uwj9j5,1579338584
10068576,,kqg7kevgfr,1579338937
10022197,,c5dx7poral,1579339526
10083662,pay,5h350q04er,1579336345
10048097,create,3bl66121r5,1579337223
10026976,pay,n50bxt17p3,1579334085
10010612,create,exi7ml9el9,1579336217
10060107,,t2vxfynsim,1579337539
10102307,,ntzitqakvh,1579337943
10046339,pay,zc4orju9z7,1579331686
10044290,pay,njnu66mixs,1579339688
10073848,pay,neqq5kfh93,1579331483
10071127,pay,4zsxy04247,1579331710
10107815,pay,x36aa390ud,1579334968
10010217,,shhwosbsd0,1579337030
10107246,pay,fwu1dhzbzj,1579334720
10070000,pay,4n0xl14f03,1579336957
10044006,pay,xzlj55gtpf,1579335728
10054620,create,isf2clzwor,1579334230
10091312,pay,nobpr9qen4,1579335467
10103978,pay,ukkh4fbt85,1579334820
10106855,create,ieaf2wnhg8,1579335052
10017614,,lsodycyk34,1579338904
10021790,pay,ghf03tduvb,1579338676
10058431,create,0c4m55vony,1579331264
10060918,,04o0v7zxrp,1579332264
10048025,,3xiywme5ur,1579331511
10061763,,dvh01o9ak1,1579331225
10059185,create,crfkp43giw,1579334879
10030561,create,klq6zfvtm3,1579331522
10083165,pay,hipf9dt80k,1579335069
10071807,create,hjy27a8ut1,1579337892
10099367,,w8h1p5ko87,1579331660
10054577,create,o5ezto9cgy,1579337962
10103323,,0hjlo64ve9,1579335924
10033706,,g3suwoiq04,1579331280
10055229,,t29w6oioml,1579330530
10026750,pay,9ptfgf0f42,1579337817
10095721,,3cmwuoxry9,1579330612
10058743,pay,dcdb8ggw5d,1579331359
10038199,pay,44p131e2xq,1579335916
10025880,create,afmbwb40vz,1579339424
10087736,pay,ntbsxxxab0,1579336349
10096583,create,ca260fje1g,1579332783
10055439,create,nxd8d41x2g,1579336161
10063775,pay,tmdm1adxci,1579334522
10034111,pay,yqs4mgpv15,1579335180
10085762,pay,mh7okm6ybc,1579330655
10076166,pay,w4ceypgygi,1579339060
10104744,pay,ond51hbgc1,1579331767
10067953,pay,mtsizwpxyl,1579334349
10011804,,p37ifjw3sa,1579337892
10026017,,y9xipm92fc,1579338307
10035089,,xnxlchke27,1579336874
10050275,,af8zpzi76u,1579337901
10063972,,kwgy98uqyk,1579339872
10056702,create,y2cr6x3xip,1579337148
10086119,pay,6h79hbzb1e,1579336296
10077832,create,uh8a2f7meh,1579337081
10106676,create,nmddgzi5z3,1579334504
10063225,,uupynffixc,1579338024
10039207,create,qdfxqz46sa,1579333862
10034042,create,qxyfrrbb83,1579339543
10106548,create,3g24nfg15m,1579338407
10045939,create,f31thvaydy,1579339498
10066391,pay,3pfsnpg7gj,1579332281
10092741,create,13dzw5gv6y,1579339939
10081211,create,h95h454s9q,1579332344
10039692,pay,1ytb2h80mv,1579334248
10085054,pay,5ggwiyyzla,1579333930
10109540,pay,1giuiultge,1579336891
10060738,create,8zyjxwb3pb,1579331591
10057339,pay,pvo3ha6mp4,1579334418
10030178,,e126hf2one,1579337837
10060551,create,pjrotk1sn9,1579333923
10077837,pay,1v5c2g6the,1579339393
10019877,,m4g2nh8lbi,1579333123
10072707,pay,j8clhd34zp,1579332281
10013252,,3vmxpwd7u5,1579334356
10027766,,x376lmfa02,1579334177
10070476,pay,2e616fgcy1,1579333390
10037517,create,k5mjmuvejl,1579334906
10039250,,5uwiol5h2n,1579332735
10063992,,7kjejh2blu,1579333684
10094665,pay,fp1lyvu1zh,1579338315
10099525,pay,2p441w49xm,1579334787
10103710,,yd3olf9teo,1579337806
10020623,create,isax2u9b03,1579331682
10093948,,x7ji9prls4,1579338750
10061438,create,oxhpf2uyrr,1579333338
10091218,create,n00obzzbxm,1579334597
10077609,,rh6mgps3s5,1579335434
10085104,,yth9hnxxwx,1579337286
10041670,,igxuggr6za,1579333494
10052837,pay,w8fqaxx4ba,1579335628
10109747,,206hybttks,1579334570
10022443,,k7umyv0rzg,1579339831
10025931,,mmj0pihurj,1579339073
10084130,create,6slbuh0tve,1579333804
10085493,,lkxtp2i6xe,1579334540
10065286,pay,0ddci0si26,1579338567
10061019,pay,obmfplfn8p,1579338732
10068914,create,46hv13h2ft,1579332014
10106598,create,uo644ty4xo,1579330300
10037932,pay,1jrl555t4g,1579332588
10094307,,h4wbntbmmy,1579331432
10048501,,iktrxare7d,1579336994
10104591,pay,vz3c39nt6w,1579338415
10054368,,ljutm3wvs3,1579334986
10087471,create,upoebpevbk,1579332829
10101205,pay,hp055s70kx,1579337471
10035118,,m9y5os56a9,1579338214
10105012,create,v3ew50rthk,1579337699
10057942,pay,mqxtudfk2k,1579334499
10041876,create,nbq0dr1ava,1579339152
10036150,,bzrwlhkfsb,1579335189
10027727,create,j5mb6nhy02,1579337888
10026633,,swh262xwqs,1579330419
10076214,,6783p60mg7,1579331567
10041088,create,3ivc43bd5h,1579332285
10010389,create,aqslcj55iq,1579332146
10075418,create,2lzlpmvn60,1579337610
10069658,pay,aitqmbsraf,1579334339
10062764,,rsc6atz0o8,1579337249
10097267,,meq3nsqq2u,1579337324
10042912,pay,oslcwsh41s,1579330361
10015579,,lsv7itphrx,1579332890
10089369,,aghu2cziho,1579336708
10096492,create,slsv1bjhmx,1579339261
10012050,create,2zhyj3a5za,1579339946
10012577,,qjlhz6cv9q,1579336143
10058314,pay,cbrx7hfz5j,1579340135
10010857,create,zmjws4955e,1579333215
10067984,create,4br14gkdz0,1579334252
10085617,,bioyx8zmms,1579331245
10099040,create,16fcp7z29k,1579339356
10039242,create,ffr6pw4anx,1579332266
10029811,create,8gd77tgwun,1579334223
10010798,pay,5st0blz3c9,1579332862
10060800,,cx37cusctj,1579331793
10020912,create,4sxfq3cszp,1579332504
10084661,create,hl347ocotp,1579336547
10028498,pay,8vi9kecnuy,1579337073
10066420,pay,9pjne7jc61,1579338070
10019952,pay,0k6sxuvuzg,1579336272
10077638,,qdto3pfvle,1579334485
10054673,,u6hh3svijw,1579332413
10058060,pay,1k2brck8gq,1579337173
10072120,,n97wv3wird,1579337266
10036150,pay,rpfl1espmq,1579331274
10025071,create,lbs9yruxdi,1579333095
10025988,pay,i3odw2afpx,1579334816
10041368,,czrxjudokh,1579333768
10032135,,dtgg7b8lsc,1579332999
10032131,pay,gins0zbeik,1579331961
10036383,,enmtdi2fpv,1579333178
10058302,,nlnyja443p,1579338815
10010695,pay,izsp75csp6,1579330360
10039322,,axs3arjl17,1579333185
10099186,create,qlnnqceohx,1579332682
10037855,pay,a21rtxee3u,1579338580
10038664,pay,4iuymynntt,1579331251
10082708,create,34ak6zpv87,1579337285
10042009,,dhg3eb5zp2,1579338970
10098419,create,x7935b5rf3,1579332769
10051616,create,78cqmquwil,1579338548
10094476,create,oxoo0tvruq,1579333470
10081120,,a6l2jujn5m,1579330740
10029723,pay,x61yo1rgnu,1579333306
10102830,pay,l3am1nuals,1579340045
10108222,create,9spxwn28u6,1579336865
10105524,pay,wb2y6wfqi9,1579336622
10081711,pay,ki73aodkr7,1579340108
10042737,pay,b7o5d4ptk9,1579339925
10030739,create,gj0ew9qcdq,1579330655
10015145,create,14wkb35e0g,1579331741
10071686,pay,611ej71bga,1579335232
10082351,create,rt4i4ygy9o,1579333704
10090083,pay,o1oeb6mya2,1579335690
10079141,pay,gyqw55vcmb,1579337130
10031989,create,4d906e7v46,1579339192
10019207,create,yqifcswbti,1579331044
10094682,create,0sqe3kscpg,1579332575
10105346,,vebr2hw1dr,1579337679
10045476,pay,1al5uoqupt,1579335719
10029324,,meyybt5uqo,1579333365
10063247,,7jn8xjyvu2,1579333806
10036876,,1gws6phnlg,1579336761
10041058,create,qy4rloazjp,1579333773
10053704,pay,bx5mgtqo5w,1579335653
10010264,create,5cc417459f,1579335972
10016904,create,3i3m3hlvrj,1579338200
10046580,create,x1apwem1z5,1579338074
10032880,create,cbda2k253c,1579334391
10096812,pay,7tnbqwbqq2,1579334577
10087612,pay,6j2fod8dfy,1579338771
10021283,pay,o44w5b2z8k,1579331968
10068038,create,zmm3noscf7,1579336023
10081496,create,bwn3bjffes,1579336504
10014359,create,hqolr5wclh,1579336857
10015135,pay,1y2kq438mp,1579338887
10012224,pay,9ceaau6j5a,1579332865
10031246,,j7ibshwqeu,1579337681
10051053,create,peuovuasul,1579335462
10027294,,v0kw6bex6o,1579331219
10020143,pay,h76ltnpqgs,1579335876
10076747,pay,6du7a1mlmg,1579335972
10087762,pay,md38578mi2,1579330224
10060951,create,mjk2xljtcm,1579337857
10010079,,gnyoqh205k,1579336203
10022272,create,1gqc7v01x8,1579331832
10046571,create,rcfh5jysw8,1579335596
10096841,,4r05xtk6wj,1579334227
10016451,pay,6954qbgtgi,1579339920
10044687,create,gny8z12h5j,1579331782
10016709,create,1dygeq77l0,1579334862
10032678,,5egk76z310,1579331083
10036505,pay,myuhu1ocib,1579332860
10041376,,x4h090okzu,1579332220
10044944,,syuz19e5j2,1579332156
10060775,create,4srsdayoqj,1579330855
10099674,create,zld1j699ts,1579334980
10011875,create,axitd9xxvy,1579333628
10022282,create,iohcmwqiia,1579337130
10081120,pay,8cuvj3pzwj,1579332840
10013119,pay,yodq6hve5o,1579336138
10082964,,b44z3k5z82,1579337694
10032977,create,k0bao8m97e,1579335464
10072179,,lakhlthbuf,1579331023
10061956,create,ztfyba6ipm,1579337733
10011986,,ydnii0ldth,1579332406
10056864,pay,uj9j2ioigt,1579330852
10066679,create,uh1sxqd1ec,1579330827
10067702,,cwcb21o10p,1579337093
10028163,,b2m0vfnq2t,1579332650
10041030,create,cm4ss92xpi,1579336650
10104642,,jjbeceydlf,1579333563
10033433,pay,r88ca0mci1,1579334043
10096676,create,k4j96rmw51,1579336347
10081855,pay,b2sexiqk65,1579337837
10060947,create,0t8s55j3ac,1579339892
10029198,create,e7ih9tzob1,1579331555
10015257,pay,r5lko9qsln,1579338670
10083414,pay,y2qvqzxqcn,1579336464
10069662,,oxlv7qhm68,1579336063
10096174,pay,027mr4rjek,1579334903
10078092,create,6h9buuqg25,1579339388
10083276,create,wctnu4062z,1579336245
10092437,,pufe7v2yst,1579339238
10073103,create,7if47jo5w1,1579336235
10066763,,62t2x7vwql,1579330863
10061702,pay,sn4vhkh70c,1579334456
10103203,,1gy7968dnx,1579330680
10073513,create,sidd14wls6,1579333969
10053022,,avz3v8iqrw,1579336756
10075264,create,9nbhpxmshy,1579331812
10086456,pay,dzoe2o1jsd,1579338098
10067241,,55wsmgbk8p,1579338942
10023152,pay,prtg9t8q14,1579333954
10080908,create,fuizj90za1,1579333487
10071384,create,298fcuf5rm,1579330935
10044778,pay,z17tk1mqmu,1579331705
10058680,pay,jl1ul4imvt,1579332792
10041454,create,gzlp9r5o8k,1579336920
10049111,create,40lrn4wtbs,1579334892
10067940,,8evbilifho,1579337900
10033208,pay,2uxlrxkktj,1579333081
10028576,create,gu9a4k7uxx,1579334610
10045310,,j4hsu62ot3,1579334478
10035402,create,1pyl4wy6v5,1579331121
10010137,,vxcbb1rj72,1579335992
10064256,,9f1b3i2pjc,1579332522
10045468,pay,vnjtphf78a,1579334861
10016586,pay,lobl2nutay,1579335167
10051029,,tt0dw82tdi,1579334337
10066743,pay,2zmwr4otcl,1579337295
10095048,pay,2jbq5hzr80,1579336836
10032433,create,x1op8x2vnr,1579340123
10069396,create,52fec8g4b0,1579336279
10092022,pay,2ggku0se5t,1579337915
10021840,,8os76j1cg7,1579331171
10086579,,8mv7dstyc0,1579339154
10089665,,ain8dvz2ic,1579340021
10086809,,oa481lwmnp,1579339998
10052737,pay,mq3e9hskim,1579331136
10075429,,sbpub1s5jl,1579335455
10096095,,1y9w2hgq40,1579339499
10094101,,sn17heitmb,1579333372
10022225,pay,p49jim93mc,1579334504
10030674,pay,9q0kbg0m2f,1579331246
10081403,create,gbgq39zfjr,1579333630
10077280,pay,ooztl1311s,1579336099
10094844,pay,fquhyfalen,1579338802
10072742,create,owt7zktjwx,1579333246
10029868,pay,h4okmyfbia,1579334146
10053790,pay,9f5jednofy,1579330619
10048878,pay,rsq24pk5hr,1579336116
10078713,create,5fr56i5vul,1579331525
10094686,pay,g3zqd5xbzo,1579339565
10054416,pay,q2t885lltu,1579340173
10093558,pay,wikazplexp,1579336229
10093202,,tc9wmothh7,1579331159
10054328,pay,610eniess4,1579335313
10049166,,k4xl3hh30s,1579336163
10017025,,n3sos09b75,1579339378
10035747,create,cy1as9khit,1579338595
10057678,,enm1oozxk9,1579332574
10105767,create,hyx797vxty,1579339627
10087327,,dxgcxvd0ea,1579332436
10083181,pay,xeotcjwcbr,1579337143
10092708,create,637wl95rzl,1579330868
10071820,,36n76u1zko,1579332477
10053720,,pyoiqxngs3,1579334786
10030552,create,jyevdnyf84,1579338510
10038466,pay,kdxe62fiop,1579331919
10096589,create,me8gfkbnes,1579336680
10020530,pay,likjqhfrau,1579332695
10059053,,83avmb92ge,1579339784
10085129,pay,64depe5hvo,1579334856
10033474,create,7mj78vrw65,1579332032
10090844,,3f8xqmsakf,1579333460
10064532,,ubqwwfm2w1,1579337796
10031903,create,rstrez1wur,1579335262
10089164,,55m2cbn22j,1579335698
10102299,,q4m8o5ks51,1579333135
10025045,create,ymi1joewon,1579335256
10097516,,jc8czsb3pz,1579333135
10010492,,t8l0pkyifo,1579339181
10102234,create,qwn01f0qkq,1579334106
10011015,create,88qplk375a,1579335588
10103094,create,a5dm1ota7k,1579337288
10025006,pay,w8csn0b0b1,1579330880
10034469,create,b1cja7z54q,1579331322
10066475,create,p1kwnk1n42,1579335880
10012155,pay,14keve2172,1579336226
10076278,create,b6sj3p2dhk,1579334900
10034971,,sny3o3t2mi,1579338462
10014938,create,q9br3nygc7,1579339854
10037521,pay,j3er51xelq,1579338049
10019953,pay,6gbk166100,1579339294
10058684,pay,ss5w1vlo4h,1579337821
10068387,create,ff215dacbn,1579335278
10049883,pay,tc89l25z4n,1579334401
10071571,,mq3s7liehb,1579339371
10084787,pay,2mpq6fkyrh,1579330222
10042923,create,udj3xns80r,1579332731
10047808,,h39t5evng6,1579336034
10022157,pay,vvh584d9gp,1579334268
10072629,,1vktqqsld0,1579333724
10109567,pay,8l5ggnsuof,1579335132
10073931,create,p4vwzvor5p,1579339990
10062622,pay,7f6037ghfz,1579337424
10065632,,7j18m9bv60,1579332430
10033745,create,pl18efu3nl,1579339957
10087127,create,2s0y1xj621,1579330970
10082958,create,4vgkoi87y0,1579334130
10065411,,a39sra9o6u,1579339168
10081961,create,3zyoagrlpg,1579338542
10025396,pay,cgm525flfs,1579331918
10037271,pay,svr1kwn6ch,1579331828
10023372,,15iwto800p,1579338356
10099188,,o9x72a8uoj,1579339408
10019248,pay,4h7dz8534l,1579331346
10090653,,v7i5z1p39f,1579331300
10022080,create,ue8p4igxnc,1579337817
10085473,,m8tjm0vzrg,1579334992
10040357,create,2jm1nml00w,1579337470
10088908,,k9p550p6tg,1579339437
10043625,pay,iwrvtc2jyd,1579330849
10025294,,8ihvfr3zz0,1579333734
10095222,create,c1ax33xaod,1579331661
10017156,,fr1gxlhfhs,1579336732
10047288,create,hmj817tnqg,1579332331
10048162,create,oc9cyi0bz8,1579331905
10098639,pay,xfvt2d64ck,1579336278
10038326,,o40p5ozhqi,1579335178
10103744,pay,bwoj0d4ukh,1579335160
10024004,pay,08m5s6xf44,1579332099
10086713,create,6x29hs444e,1579334406
10027546,pay,xjn7mkorv2,1579334712
10058090,pay,vs69f0pn50,1579335801
10021825,pay,k6mpiobsqq,1579337815
10054206,create,q0zjwmp89k,1579331541
10043465,create,6uplaabvir,1579338902
10018941,,n1mrvntez1,1579330248
10085183,,gu0yq9bw3g,1579336020
10025964,create,600jr6aqpm,1579331767
10102502,create,uby4sa2suu,1579333003
10095886,pay,g12xj5uvi0,1579334173
10102970,,98j9uq4alg,1579332129
10097203,pay,to1wkm9pv8,1579333460
10047050,create,mhuw2yieim,1579340081
10032543,create,e48rdpr8bw,1579333564
10079042,,zv894gxwcu,1579334307
10102410,,6gafilc20r,1579332054
10023643,pay,1s30hhs6lh,1579333344
10107502,create,pehjcbq9v8,1579334637
10029184,,gvvrvqtb63,1579336496
10097634,create,m8sj36rz7y,1579339916
10012113,,bt9fj4wla2,1579335356
10100400,,78iq8jju8v,1579334303
10058952,,gotcsvco33,1579332109
10065924,create,xcpoaaybu5,1579335862
10071739,pay,ls9dplq06n,1579337299
10045414,create,iod8x5er4d,1579334997
10100888,create,mrgpwonfv1,1579332774
10080684,pay,g4bo4dglga,1579339361
10095411,pay,x18gr3eyqu,1579333937
10019423,,juqimz9w3r,1579340139
10014638,pay,60a7r9824h,1579339060
10086711,pay,8ooknsigb8,1579336953
10087827,,2taoi9wcr9,1579332459
10037112,,febdhwf2rf,1579339024
10078481,,pbt9onfabf,1579332602
10083679,pay,8qya6dgd2o,1579330941
10108731,pay,mrlisf6yb8,1579335856
10050275,,gkymud23zd,1579332437
10025780,create,gvzysd1oz3,1579331520
10021838,create,iac6t9wty8,1579332867
10047214,pay,nv4mtt5ety,1579333998
10073601,,137ei3reo8,1579332771
10104884,,dyzqynb4qr,1579333572
10044689,,z8m2tscpbc,1579336846
10018091,pay,jgfqe1ok9j,1579338074
10084185,create,ymm3yen7j6,1579334940
10065986,create,mipjpr1zdn,1579333929
10038407,,c2pqfhilit,1579330259
10096368,,otckovqm9q,1579336571
10067049,create,51v0umlmbf,1579336881
10103459,pay,cvctui9ldt,1579337006
10072769,create,6308libu9e,1579331884
10030822,pay,10jq82961o,1579333431
10103924,pay,34ijv2vzf0,1579330929
10107174,pay,crwjf1q3gz,1579334253
10043365,create,4r0nk7fxpn,1579339963
10102700,,4rnq5ic887,1579331577
10027571,,3tqul1xccx,1579339858
10101335,,at5ue8xaf3,1579332323
10049842,create,le1av4d968,1579335284
10020554,,8i75xrzcdf,1579337455
10088901,pay,41pd24276q,1579333868
10074329,pay,btb57k4m9n,1579338534
10069961,pay,qjiviwmmlk,1579336782
10067241,create,m1eyg5qjjt,1579334762
10109155,create,3w7ye71s1v,1579337323
10028113,pay,w1yxroskr5,1579333026
10014223,,w98p0u9jpf,1579339725
10040080,pay,wyzaxkkpn0,1579338023
10014418,,o5u4emdzd8,1579336514
10100661,,qwm0buupz7,1579339547
10070836,,6ik122q3kn,1579339007
10050205,create,qejxk6b6m8,1579339182
10074727,pay,pfaym394ch,1579332244
10039968,pay,j02q97xd6p,1579339271
10075784,pay,3feg09juj5,1579332591
10072117,create,jyx0p8hnod,1579332868
10095047,pay,93d221ee69,1579333518
10033149,create,xraa0jpqdr,1579334552
10067762,create,qwvgyxpqcd,1579332656
10059445,pay,lecyqyz47x,1579338508
10030362,pay,w55opye6fy,1579331140
10019135,pay,433cev1521,1579332054
10012756,create,hx2f73tloe,1579334452
10067957,pay,mnw0s449g0,1579339940
10022168,,qpbhpxvyb8,1579332488
10038478,,zpbhsszqc7,1579337147
10108012,,e2ugg361tc,1579335448
10051797,,aa6b325bt2,1579335696
10078626,create,deberp5eaz,1579331268
10098796,create,x0njvtqbhy,1579333991
10100178,create,lxa8d2qbog,1579339772
10024008,,zhqhsz9vk6,1579335624
10045629,create,p8q9ct0bjx,1579338537
10059361,pay,wepzbr5al3,1579338231
10077379,create,r79r2lv79i,1579335501
10097318,,2fjou78oea,1579331997
10041071,pay,747zyl1gaj,1579333777
